"grantee","table_name","privilege_type"
"postgres","_pg_foreign_data_wrappers","UPDATE"
"postgres","_pg_foreign_data_wrappers","DELETE"
"postgres","_pg_foreign_data_wrappers","TRUNCATE"
"postgres","_pg_foreign_data_wrappers","REFERENCES"
"postgres","_pg_foreign_data_wrappers","TRIGGER"
"postgres","_pg_foreign_data_wrappers","INSERT"
"postgres","_pg_foreign_data_wrappers","SELECT"
"postgres","_pg_foreign_servers","UPDATE"
"postgres","_pg_foreign_servers","DELETE"
"postgres","_pg_foreign_servers","TRUNCATE"
"postgres","_pg_foreign_servers","REFERENCES"
"postgres","_pg_foreign_servers","TRIGGER"
"postgres","_pg_foreign_servers","INSERT"
"postgres","_pg_foreign_servers","SELECT"
"postgres","_pg_foreign_table_columns","DELETE"
"postgres","_pg_foreign_table_columns","INSERT"
"postgres","_pg_foreign_table_columns","SELECT"
"postgres","_pg_foreign_table_columns","UPDATE"
"postgres","_pg_foreign_table_columns","TRIGGER"
"postgres","_pg_foreign_table_columns","REFERENCES"
"postgres","_pg_foreign_table_columns","TRUNCATE"
"postgres","_pg_foreign_tables","INSERT"
"postgres","_pg_foreign_tables","SELECT"
"postgres","_pg_foreign_tables","UPDATE"
"postgres","_pg_foreign_tables","DELETE"
"postgres","_pg_foreign_tables","TRUNCATE"
"postgres","_pg_foreign_tables","REFERENCES"
"postgres","_pg_foreign_tables","TRIGGER"
"postgres","_pg_user_mappings","DELETE"
"postgres","_pg_user_mappings","SELECT"
"postgres","_pg_user_mappings","TRIGGER"
"postgres","_pg_user_mappings","REFERENCES"
"postgres","_pg_user_mappings","INSERT"
"postgres","_pg_user_mappings","TRUNCATE"
"postgres","_pg_user_mappings","UPDATE"
"postgres","actor","INSERT"
"postgres","actor","TRIGGER"
"postgres","actor","REFERENCES"
"postgres","actor","TRUNCATE"
"postgres","actor","DELETE"
"postgres","actor","UPDATE"
"postgres","actor","SELECT"
"postgres","actor_info","TRIGGER"
"postgres","actor_info","REFERENCES"
"postgres","actor_info","TRUNCATE"
"postgres","actor_info","DELETE"
"postgres","actor_info","UPDATE"
"postgres","actor_info","SELECT"
"postgres","actor_info","INSERT"
"postgres","address","DELETE"
"postgres","address","SELECT"
"postgres","address","UPDATE"
"postgres","address","TRUNCATE"
"postgres","address","REFERENCES"
"postgres","address","TRIGGER"
"postgres","address","INSERT"
"postgres","administrable_role_authorizations","REFERENCES"
"postgres","administrable_role_authorizations","TRUNCATE"
"postgres","administrable_role_authorizations","INSERT"
"postgres","administrable_role_authorizations","SELECT"
"postgres","administrable_role_authorizations","UPDATE"
"postgres","administrable_role_authorizations","DELETE"
"PUBLIC","administrable_role_authorizations","SELECT"
"postgres","administrable_role_authorizations","TRIGGER"
"postgres","applicable_roles","SELECT"
"postgres","applicable_roles","TRIGGER"
"postgres","applicable_roles","UPDATE"
"postgres","applicable_roles","DELETE"
"postgres","applicable_roles","TRUNCATE"
"postgres","applicable_roles","REFERENCES"
"postgres","applicable_roles","INSERT"
"PUBLIC","applicable_roles","SELECT"
"postgres","attributes","SELECT"
"postgres","attributes","TRIGGER"
"postgres","attributes","REFERENCES"
"postgres","attributes","TRUNCATE"
"postgres","attributes","DELETE"
"postgres","attributes","UPDATE"
"postgres","attributes","INSERT"
"PUBLIC","attributes","SELECT"
"postgres","category","TRIGGER"
"postgres","category","INSERT"
"postgres","category","SELECT"
"postgres","category","UPDATE"
"postgres","category","DELETE"
"postgres","category","TRUNCATE"
"postgres","category","REFERENCES"
"postgres","character_sets","UPDATE"
"postgres","character_sets","DELETE"
"postgres","character_sets","SELECT"
"postgres","character_sets","TRUNCATE"
"postgres","character_sets","INSERT"
"postgres","character_sets","REFERENCES"
"postgres","character_sets","TRIGGER"
"PUBLIC","character_sets","SELECT"
"postgres","check_constraint_routine_usage","INSERT"
"postgres","check_constraint_routine_usage","SELECT"
"postgres","check_constraint_routine_usage","UPDATE"
"postgres","check_constraint_routine_usage","DELETE"
"postgres","check_constraint_routine_usage","TRUNCATE"
"postgres","check_constraint_routine_usage","REFERENCES"
"postgres","check_constraint_routine_usage","TRIGGER"
"PUBLIC","check_constraint_routine_usage","SELECT"
"postgres","check_constraints","REFERENCES"
"postgres","check_constraints","INSERT"
"postgres","check_constraints","SELECT"
"postgres","check_constraints","UPDATE"
"postgres","check_constraints","DELETE"
"postgres","check_constraints","TRUNCATE"
"postgres","check_constraints","TRIGGER"
"PUBLIC","check_constraints","SELECT"
"postgres","city","SELECT"
"postgres","city","UPDATE"
"postgres","city","REFERENCES"
"postgres","city","TRUNCATE"
"postgres","city","DELETE"
"postgres","city","INSERT"
"postgres","city","TRIGGER"
"PUBLIC","collation_character_set_applicability","SELECT"
"postgres","collation_character_set_applicability","INSERT"
"postgres","collation_character_set_applicability","SELECT"
"postgres","collation_character_set_applicability","UPDATE"
"postgres","collation_character_set_applicability","DELETE"
"postgres","collation_character_set_applicability","TRUNCATE"
"postgres","collation_character_set_applicability","REFERENCES"
"postgres","collation_character_set_applicability","TRIGGER"
"postgres","collations","REFERENCES"
"postgres","collations","TRUNCATE"
"postgres","collations","DELETE"
"postgres","collations","UPDATE"
"postgres","collations","SELECT"
"postgres","collations","INSERT"
"PUBLIC","collations","SELECT"
"postgres","collations","TRIGGER"
"postgres","column_column_usage","INSERT"
"postgres","column_column_usage","SELECT"
"postgres","column_column_usage","UPDATE"
"postgres","column_column_usage","DELETE"
"postgres","column_column_usage","TRUNCATE"
"postgres","column_column_usage","REFERENCES"
"postgres","column_column_usage","TRIGGER"
"PUBLIC","column_column_usage","SELECT"
"postgres","column_domain_usage","INSERT"
"PUBLIC","column_domain_usage","SELECT"
"postgres","column_domain_usage","UPDATE"
"postgres","column_domain_usage","TRIGGER"
"postgres","column_domain_usage","DELETE"
"postgres","column_domain_usage","TRUNCATE"
"postgres","column_domain_usage","REFERENCES"
"postgres","column_domain_usage","SELECT"
"PUBLIC","column_options","SELECT"
"postgres","column_options","INSERT"
"postgres","column_options","SELECT"
"postgres","column_options","UPDATE"
"postgres","column_options","DELETE"
"postgres","column_options","TRUNCATE"
"postgres","column_options","REFERENCES"
"postgres","column_options","TRIGGER"
"postgres","column_privileges","REFERENCES"
"postgres","column_privileges","INSERT"
"postgres","column_privileges","SELECT"
"postgres","column_privileges","UPDATE"
"PUBLIC","column_privileges","SELECT"
"postgres","column_privileges","DELETE"
"postgres","column_privileges","TRUNCATE"
"postgres","column_privileges","TRIGGER"
"postgres","column_udt_usage","INSERT"
"PUBLIC","column_udt_usage","SELECT"
"postgres","column_udt_usage","TRIGGER"
"postgres","column_udt_usage","SELECT"
"postgres","column_udt_usage","UPDATE"
"postgres","column_udt_usage","DELETE"
"postgres","column_udt_usage","TRUNCATE"
"postgres","column_udt_usage","REFERENCES"
"postgres","columns","TRUNCATE"
"postgres","columns","SELECT"
"postgres","columns","UPDATE"
"postgres","columns","DELETE"
"postgres","columns","INSERT"
"postgres","columns","REFERENCES"
"postgres","columns","TRIGGER"
"PUBLIC","columns","SELECT"
"postgres","constraint_column_usage","DELETE"
"postgres","constraint_column_usage","TRUNCATE"
"postgres","constraint_column_usage","REFERENCES"
"postgres","constraint_column_usage","TRIGGER"
"PUBLIC","constraint_column_usage","SELECT"
"postgres","constraint_column_usage","INSERT"
"postgres","constraint_column_usage","SELECT"
"postgres","constraint_column_usage","UPDATE"
"postgres","constraint_table_usage","TRUNCATE"
"postgres","constraint_table_usage","REFERENCES"
"postgres","constraint_table_usage","TRIGGER"
"PUBLIC","constraint_table_usage","SELECT"
"postgres","constraint_table_usage","DELETE"
"postgres","constraint_table_usage","UPDATE"
"postgres","constraint_table_usage","SELECT"
"postgres","constraint_table_usage","INSERT"
"postgres","country","UPDATE"
"postgres","country","SELECT"
"postgres","country","INSERT"
"postgres","country","TRIGGER"
"postgres","country","REFERENCES"
"postgres","country","TRUNCATE"
"postgres","country","DELETE"
"postgres","customer","TRIGGER"
"postgres","customer","REFERENCES"
"postgres","customer","TRUNCATE"
"postgres","customer","DELETE"
"postgres","customer","UPDATE"
"postgres","customer","SELECT"
"postgres","customer","INSERT"
"postgres","customer_list","TRIGGER"
"postgres","customer_list","REFERENCES"
"postgres","customer_list","TRUNCATE"
"postgres","customer_list","DELETE"
"postgres","customer_list","UPDATE"
"postgres","customer_list","SELECT"
"postgres","customer_list","INSERT"
"postgres","data_type_privileges","SELECT"
"postgres","data_type_privileges","UPDATE"
"postgres","data_type_privileges","INSERT"
"PUBLIC","data_type_privileges","SELECT"
"postgres","data_type_privileges","TRIGGER"
"postgres","data_type_privileges","REFERENCES"
"postgres","data_type_privileges","TRUNCATE"
"postgres","data_type_privileges","DELETE"
"postgres","domain_constraints","TRIGGER"
"postgres","domain_constraints","SELECT"
"postgres","domain_constraints","UPDATE"
"postgres","domain_constraints","INSERT"
"postgres","domain_constraints","DELETE"
"postgres","domain_constraints","TRUNCATE"
"postgres","domain_constraints","REFERENCES"
"PUBLIC","domain_constraints","SELECT"
"postgres","domain_udt_usage","TRUNCATE"
"postgres","domain_udt_usage","INSERT"
"postgres","domain_udt_usage","REFERENCES"
"postgres","domain_udt_usage","TRIGGER"
"PUBLIC","domain_udt_usage","SELECT"
"postgres","domain_udt_usage","SELECT"
"postgres","domain_udt_usage","UPDATE"
"postgres","domain_udt_usage","DELETE"
"postgres","domains","DELETE"
"PUBLIC","domains","SELECT"
"postgres","domains","TRIGGER"
"postgres","domains","REFERENCES"
"postgres","domains","INSERT"
"postgres","domains","SELECT"
"postgres","domains","UPDATE"
"postgres","domains","TRUNCATE"
"postgres","element_types","TRUNCATE"
"postgres","element_types","REFERENCES"
"postgres","element_types","TRIGGER"
"PUBLIC","element_types","SELECT"
"postgres","element_types","INSERT"
"postgres","element_types","SELECT"
"postgres","element_types","UPDATE"
"postgres","element_types","DELETE"
"postgres","enabled_roles","SELECT"
"PUBLIC","enabled_roles","SELECT"
"postgres","enabled_roles","TRIGGER"
"postgres","enabled_roles","REFERENCES"
"postgres","enabled_roles","TRUNCATE"
"postgres","enabled_roles","DELETE"
"postgres","enabled_roles","UPDATE"
"postgres","enabled_roles","INSERT"
"postgres","film","UPDATE"
"postgres","film","TRIGGER"
"postgres","film","REFERENCES"
"postgres","film","TRUNCATE"
"postgres","film","DELETE"
"postgres","film","SELECT"
"postgres","film","INSERT"
"postgres","film_actor","SELECT"
"postgres","film_actor","UPDATE"
"postgres","film_actor","DELETE"
"postgres","film_actor","TRUNCATE"
"postgres","film_actor","REFERENCES"
"postgres","film_actor","TRIGGER"
"postgres","film_actor","INSERT"
"postgres","film_category","REFERENCES"
"postgres","film_category","DELETE"
"postgres","film_category","UPDATE"
"postgres","film_category","SELECT"
"postgres","film_category","INSERT"
"postgres","film_category","TRIGGER"
"postgres","film_category","TRUNCATE"
"postgres","film_list","TRIGGER"
"postgres","film_list","SELECT"
"postgres","film_list","UPDATE"
"postgres","film_list","REFERENCES"
"postgres","film_list","INSERT"
"postgres","film_list","DELETE"
"postgres","film_list","TRUNCATE"
"postgres","foreign_data_wrapper_options","TRUNCATE"
"postgres","foreign_data_wrapper_options","UPDATE"
"postgres","foreign_data_wrapper_options","SELECT"
"postgres","foreign_data_wrapper_options","INSERT"
"PUBLIC","foreign_data_wrapper_options","SELECT"
"postgres","foreign_data_wrapper_options","TRIGGER"
"postgres","foreign_data_wrapper_options","REFERENCES"
"postgres","foreign_data_wrapper_options","DELETE"
"postgres","foreign_data_wrappers","INSERT"
"PUBLIC","foreign_data_wrappers","SELECT"
"postgres","foreign_data_wrappers","TRIGGER"
"postgres","foreign_data_wrappers","REFERENCES"
"postgres","foreign_data_wrappers","TRUNCATE"
"postgres","foreign_data_wrappers","DELETE"
"postgres","foreign_data_wrappers","UPDATE"
"postgres","foreign_data_wrappers","SELECT"
"PUBLIC","foreign_server_options","SELECT"
"postgres","foreign_server_options","UPDATE"
"postgres","foreign_server_options","DELETE"
"postgres","foreign_server_options","TRUNCATE"
"postgres","foreign_server_options","SELECT"
"postgres","foreign_server_options","REFERENCES"
"postgres","foreign_server_options","TRIGGER"
"postgres","foreign_server_options","INSERT"
"postgres","foreign_servers","INSERT"
"PUBLIC","foreign_servers","SELECT"
"postgres","foreign_servers","TRIGGER"
"postgres","foreign_servers","REFERENCES"
"postgres","foreign_servers","TRUNCATE"
"postgres","foreign_servers","DELETE"
"postgres","foreign_servers","UPDATE"
"postgres","foreign_servers","SELECT"
"postgres","foreign_table_options","INSERT"
"postgres","foreign_table_options","UPDATE"
"PUBLIC","foreign_table_options","SELECT"
"postgres","foreign_table_options","TRIGGER"
"postgres","foreign_table_options","REFERENCES"
"postgres","foreign_table_options","TRUNCATE"
"postgres","foreign_table_options","SELECT"
"postgres","foreign_table_options","DELETE"
"postgres","foreign_tables","REFERENCES"
"PUBLIC","foreign_tables","SELECT"
"postgres","foreign_tables","TRIGGER"
"postgres","foreign_tables","TRUNCATE"
"postgres","foreign_tables","DELETE"
"postgres","foreign_tables","UPDATE"
"postgres","foreign_tables","SELECT"
"postgres","foreign_tables","INSERT"
"postgres","information_schema_catalog_name","INSERT"
"postgres","information_schema_catalog_name","SELECT"
"postgres","information_schema_catalog_name","UPDATE"
"postgres","information_schema_catalog_name","DELETE"
"postgres","information_schema_catalog_name","TRUNCATE"
"postgres","information_schema_catalog_name","REFERENCES"
"postgres","information_schema_catalog_name","TRIGGER"
"PUBLIC","information_schema_catalog_name","SELECT"
"postgres","inventory","INSERT"
"postgres","inventory","TRIGGER"
"postgres","inventory","REFERENCES"
"postgres","inventory","TRUNCATE"
"postgres","inventory","DELETE"
"postgres","inventory","UPDATE"
"postgres","inventory","SELECT"
"postgres","key_column_usage","TRIGGER"
"postgres","key_column_usage","INSERT"
"postgres","key_column_usage","SELECT"
"PUBLIC","key_column_usage","SELECT"
"postgres","key_column_usage","UPDATE"
"postgres","key_column_usage","REFERENCES"
"postgres","key_column_usage","TRUNCATE"
"postgres","key_column_usage","DELETE"
"postgres","language","SELECT"
"postgres","language","UPDATE"
"postgres","language","TRIGGER"
"postgres","language","REFERENCES"
"postgres","language","TRUNCATE"
"postgres","language","DELETE"
"postgres","language","INSERT"
"postgres","nicer_but_slower_film_list","INSERT"
"postgres","nicer_but_slower_film_list","SELECT"
"postgres","nicer_but_slower_film_list","UPDATE"
"postgres","nicer_but_slower_film_list","DELETE"
"postgres","nicer_but_slower_film_list","TRUNCATE"
"postgres","nicer_but_slower_film_list","REFERENCES"
"postgres","nicer_but_slower_film_list","TRIGGER"
"postgres","parameters","REFERENCES"
"postgres","parameters","UPDATE"
"PUBLIC","parameters","SELECT"
"postgres","parameters","INSERT"
"postgres","parameters","SELECT"
"postgres","parameters","DELETE"
"postgres","parameters","TRUNCATE"
"postgres","parameters","TRIGGER"
"postgres","payment","INSERT"
"postgres","payment","TRUNCATE"
"postgres","payment","DELETE"
"postgres","payment","UPDATE"
"postgres","payment","TRIGGER"
"postgres","payment","REFERENCES"
"postgres","payment","SELECT"
"postgres","payment_p2017_01","SELECT"
"postgres","payment_p2017_01","TRIGGER"
"postgres","payment_p2017_01","REFERENCES"
"postgres","payment_p2017_01","TRUNCATE"
"postgres","payment_p2017_01","DELETE"
"postgres","payment_p2017_01","UPDATE"
"postgres","payment_p2017_01","INSERT"
"postgres","payment_p2017_02","TRUNCATE"
"postgres","payment_p2017_02","TRIGGER"
"postgres","payment_p2017_02","REFERENCES"
"postgres","payment_p2017_02","INSERT"
"postgres","payment_p2017_02","SELECT"
"postgres","payment_p2017_02","UPDATE"
"postgres","payment_p2017_02","DELETE"
"postgres","payment_p2017_03","SELECT"
"postgres","payment_p2017_03","TRIGGER"
"postgres","payment_p2017_03","REFERENCES"
"postgres","payment_p2017_03","INSERT"
"postgres","payment_p2017_03","TRUNCATE"
"postgres","payment_p2017_03","DELETE"
"postgres","payment_p2017_03","UPDATE"
"postgres","payment_p2017_04","REFERENCES"
"postgres","payment_p2017_04","SELECT"
"postgres","payment_p2017_04","UPDATE"
"postgres","payment_p2017_04","TRIGGER"
"postgres","payment_p2017_04","INSERT"
"postgres","payment_p2017_04","TRUNCATE"
"postgres","payment_p2017_04","DELETE"
"postgres","payment_p2017_05","INSERT"
"postgres","payment_p2017_05","SELECT"
"postgres","payment_p2017_05","TRIGGER"
"postgres","payment_p2017_05","REFERENCES"
"postgres","payment_p2017_05","TRUNCATE"
"postgres","payment_p2017_05","UPDATE"
"postgres","payment_p2017_05","DELETE"
"postgres","payment_p2017_06","TRUNCATE"
"postgres","payment_p2017_06","REFERENCES"
"postgres","payment_p2017_06","TRIGGER"
"postgres","payment_p2017_06","INSERT"
"postgres","payment_p2017_06","SELECT"
"postgres","payment_p2017_06","UPDATE"
"postgres","payment_p2017_06","DELETE"
"postgres","pg_aggregate","SELECT"
"postgres","pg_aggregate","INSERT"
"postgres","pg_aggregate","UPDATE"
"postgres","pg_aggregate","DELETE"
"postgres","pg_aggregate","TRUNCATE"
"postgres","pg_aggregate","REFERENCES"
"postgres","pg_aggregate","TRIGGER"
"PUBLIC","pg_aggregate","SELECT"
"postgres","pg_am","DELETE"
"postgres","pg_am","TRUNCATE"
"postgres","pg_am","TRIGGER"
"postgres","pg_am","REFERENCES"
"PUBLIC","pg_am","SELECT"
"postgres","pg_am","INSERT"
"postgres","pg_am","SELECT"
"postgres","pg_am","UPDATE"
"postgres","pg_amop","REFERENCES"
"postgres","pg_amop","TRUNCATE"
"postgres","pg_amop","DELETE"
"postgres","pg_amop","UPDATE"
"postgres","pg_amop","SELECT"
"postgres","pg_amop","INSERT"
"PUBLIC","pg_amop","SELECT"
"postgres","pg_amop","TRIGGER"
"postgres","pg_amproc","DELETE"
"postgres","pg_amproc","INSERT"
"postgres","pg_amproc","SELECT"
"postgres","pg_amproc","UPDATE"
"postgres","pg_amproc","TRUNCATE"
"postgres","pg_amproc","REFERENCES"
"postgres","pg_amproc","TRIGGER"
"PUBLIC","pg_amproc","SELECT"
"postgres","pg_attrdef","REFERENCES"
"postgres","pg_attrdef","UPDATE"
"postgres","pg_attrdef","INSERT"
"postgres","pg_attrdef","SELECT"
"PUBLIC","pg_attrdef","SELECT"
"postgres","pg_attrdef","TRIGGER"
"postgres","pg_attrdef","DELETE"
"postgres","pg_attrdef","TRUNCATE"
"postgres","pg_attribute","SELECT"
"postgres","pg_attribute","TRUNCATE"
"postgres","pg_attribute","DELETE"
"postgres","pg_attribute","UPDATE"
"postgres","pg_attribute","REFERENCES"
"postgres","pg_attribute","TRIGGER"
"postgres","pg_attribute","INSERT"
"PUBLIC","pg_attribute","SELECT"
"postgres","pg_auth_members","DELETE"
"PUBLIC","pg_auth_members","SELECT"
"postgres","pg_auth_members","TRIGGER"
"postgres","pg_auth_members","REFERENCES"
"postgres","pg_auth_members","TRUNCATE"
"postgres","pg_auth_members","UPDATE"
"postgres","pg_auth_members","SELECT"
"postgres","pg_auth_members","INSERT"
"postgres","pg_authid","DELETE"
"postgres","pg_authid","TRIGGER"
"postgres","pg_authid","TRUNCATE"
"postgres","pg_authid","UPDATE"
"postgres","pg_authid","REFERENCES"
"postgres","pg_authid","SELECT"
"postgres","pg_authid","INSERT"
"postgres","pg_available_extension_versions","INSERT"
"postgres","pg_available_extension_versions","SELECT"
"postgres","pg_available_extension_versions","REFERENCES"
"PUBLIC","pg_available_extension_versions","SELECT"
"postgres","pg_available_extension_versions","TRIGGER"
"postgres","pg_available_extension_versions","TRUNCATE"
"postgres","pg_available_extension_versions","DELETE"
"postgres","pg_available_extension_versions","UPDATE"
"postgres","pg_available_extensions","REFERENCES"
"postgres","pg_available_extensions","TRUNCATE"
"postgres","pg_available_extensions","DELETE"
"postgres","pg_available_extensions","TRIGGER"
"PUBLIC","pg_available_extensions","SELECT"
"postgres","pg_available_extensions","INSERT"
"postgres","pg_available_extensions","SELECT"
"postgres","pg_available_extensions","UPDATE"
"postgres","pg_backend_memory_contexts","INSERT"
"postgres","pg_backend_memory_contexts","SELECT"
"postgres","pg_backend_memory_contexts","UPDATE"
"postgres","pg_backend_memory_contexts","DELETE"
"postgres","pg_backend_memory_contexts","TRUNCATE"
"postgres","pg_backend_memory_contexts","REFERENCES"
"postgres","pg_backend_memory_contexts","TRIGGER"
"pg_read_all_stats","pg_backend_memory_contexts","SELECT"
"PUBLIC","pg_cast","SELECT"
"postgres","pg_cast","INSERT"
"postgres","pg_cast","SELECT"
"postgres","pg_cast","UPDATE"
"postgres","pg_cast","DELETE"
"postgres","pg_cast","TRUNCATE"
"postgres","pg_cast","REFERENCES"
"postgres","pg_cast","TRIGGER"
"postgres","pg_class","INSERT"
"PUBLIC","pg_class","SELECT"
"postgres","pg_class","TRIGGER"
"postgres","pg_class","REFERENCES"
"postgres","pg_class","TRUNCATE"
"postgres","pg_class","DELETE"
"postgres","pg_class","UPDATE"
"postgres","pg_class","SELECT"
"postgres","pg_collation","SELECT"
"PUBLIC","pg_collation","SELECT"
"postgres","pg_collation","TRIGGER"
"postgres","pg_collation","REFERENCES"
"postgres","pg_collation","TRUNCATE"
"postgres","pg_collation","DELETE"
"postgres","pg_collation","UPDATE"
"postgres","pg_collation","INSERT"
"postgres","pg_config","TRUNCATE"
"postgres","pg_config","INSERT"
"postgres","pg_config","SELECT"
"postgres","pg_config","UPDATE"
"postgres","pg_config","DELETE"
"postgres","pg_config","REFERENCES"
"postgres","pg_config","TRIGGER"
"postgres","pg_constraint","INSERT"
"postgres","pg_constraint","UPDATE"
"postgres","pg_constraint","TRUNCATE"
"postgres","pg_constraint","REFERENCES"
"postgres","pg_constraint","DELETE"
"postgres","pg_constraint","TRIGGER"
"PUBLIC","pg_constraint","SELECT"
"postgres","pg_constraint","SELECT"
"postgres","pg_conversion","TRIGGER"
"PUBLIC","pg_conversion","SELECT"
"postgres","pg_conversion","REFERENCES"
"postgres","pg_conversion","TRUNCATE"
"postgres","pg_conversion","DELETE"
"postgres","pg_conversion","UPDATE"
"postgres","pg_conversion","SELECT"
"postgres","pg_conversion","INSERT"
"postgres","pg_cursors","REFERENCES"
"postgres","pg_cursors","DELETE"
"postgres","pg_cursors","UPDATE"
"postgres","pg_cursors","SELECT"
"postgres","pg_cursors","INSERT"
"PUBLIC","pg_cursors","SELECT"
"postgres","pg_cursors","TRIGGER"
"postgres","pg_cursors","TRUNCATE"
"postgres","pg_database","INSERT"
"PUBLIC","pg_database","SELECT"
"postgres","pg_database","TRIGGER"
"postgres","pg_database","REFERENCES"
"postgres","pg_database","TRUNCATE"
"postgres","pg_database","DELETE"
"postgres","pg_database","UPDATE"
"postgres","pg_database","SELECT"
"PUBLIC","pg_db_role_setting","SELECT"
"postgres","pg_db_role_setting","INSERT"
"postgres","pg_db_role_setting","SELECT"
"postgres","pg_db_role_setting","UPDATE"
"postgres","pg_db_role_setting","DELETE"
"postgres","pg_db_role_setting","TRUNCATE"
"postgres","pg_db_role_setting","REFERENCES"
"postgres","pg_db_role_setting","TRIGGER"
"postgres","pg_default_acl","SELECT"
"PUBLIC","pg_default_acl","SELECT"
"postgres","pg_default_acl","TRIGGER"
"postgres","pg_default_acl","REFERENCES"
"postgres","pg_default_acl","TRUNCATE"
"postgres","pg_default_acl","DELETE"
"postgres","pg_default_acl","UPDATE"
"postgres","pg_default_acl","INSERT"
"postgres","pg_depend","TRIGGER"
"postgres","pg_depend","INSERT"
"postgres","pg_depend","SELECT"
"postgres","pg_depend","UPDATE"
"postgres","pg_depend","DELETE"
"postgres","pg_depend","TRUNCATE"
"postgres","pg_depend","REFERENCES"
"PUBLIC","pg_depend","SELECT"
"PUBLIC","pg_description","SELECT"
"postgres","pg_description","INSERT"
"postgres","pg_description","SELECT"
"postgres","pg_description","UPDATE"
"postgres","pg_description","DELETE"
"postgres","pg_description","TRUNCATE"
"postgres","pg_description","REFERENCES"
"postgres","pg_description","TRIGGER"
"postgres","pg_enum","SELECT"
"postgres","pg_enum","INSERT"
"PUBLIC","pg_enum","SELECT"
"postgres","pg_enum","TRIGGER"
"postgres","pg_enum","REFERENCES"
"postgres","pg_enum","TRUNCATE"
"postgres","pg_enum","DELETE"
"postgres","pg_enum","UPDATE"
"postgres","pg_event_trigger","TRIGGER"
"postgres","pg_event_trigger","INSERT"
"postgres","pg_event_trigger","SELECT"
"postgres","pg_event_trigger","UPDATE"
"postgres","pg_event_trigger","DELETE"
"postgres","pg_event_trigger","TRUNCATE"
"postgres","pg_event_trigger","REFERENCES"
"PUBLIC","pg_event_trigger","SELECT"
"postgres","pg_extension","INSERT"
"PUBLIC","pg_extension","SELECT"
"postgres","pg_extension","TRIGGER"
"postgres","pg_extension","REFERENCES"
"postgres","pg_extension","TRUNCATE"
"postgres","pg_extension","DELETE"
"postgres","pg_extension","UPDATE"
"postgres","pg_extension","SELECT"
"postgres","pg_file_settings","INSERT"
"postgres","pg_file_settings","TRIGGER"
"postgres","pg_file_settings","REFERENCES"
"postgres","pg_file_settings","TRUNCATE"
"postgres","pg_file_settings","DELETE"
"postgres","pg_file_settings","UPDATE"
"postgres","pg_file_settings","SELECT"
"postgres","pg_foreign_data_wrapper","REFERENCES"
"PUBLIC","pg_foreign_data_wrapper","SELECT"
"postgres","pg_foreign_data_wrapper","TRIGGER"
"postgres","pg_foreign_data_wrapper","INSERT"
"postgres","pg_foreign_data_wrapper","SELECT"
"postgres","pg_foreign_data_wrapper","UPDATE"
"postgres","pg_foreign_data_wrapper","DELETE"
"postgres","pg_foreign_data_wrapper","TRUNCATE"
"postgres","pg_foreign_server","TRIGGER"
"PUBLIC","pg_foreign_server","SELECT"
"postgres","pg_foreign_server","INSERT"
"postgres","pg_foreign_server","SELECT"
"postgres","pg_foreign_server","UPDATE"
"postgres","pg_foreign_server","DELETE"
"postgres","pg_foreign_server","TRUNCATE"
"postgres","pg_foreign_server","REFERENCES"
"PUBLIC","pg_foreign_table","SELECT"
"postgres","pg_foreign_table","INSERT"
"postgres","pg_foreign_table","SELECT"
"postgres","pg_foreign_table","UPDATE"
"postgres","pg_foreign_table","DELETE"
"postgres","pg_foreign_table","TRUNCATE"
"postgres","pg_foreign_table","REFERENCES"
"postgres","pg_foreign_table","TRIGGER"
"postgres","pg_group","TRUNCATE"
"postgres","pg_group","INSERT"
"postgres","pg_group","REFERENCES"
"postgres","pg_group","TRIGGER"
"PUBLIC","pg_group","SELECT"
"postgres","pg_group","SELECT"
"postgres","pg_group","UPDATE"
"postgres","pg_group","DELETE"
"postgres","pg_hba_file_rules","TRUNCATE"
"postgres","pg_hba_file_rules","DELETE"
"postgres","pg_hba_file_rules","TRIGGER"
"postgres","pg_hba_file_rules","UPDATE"
"postgres","pg_hba_file_rules","SELECT"
"postgres","pg_hba_file_rules","INSERT"
"postgres","pg_hba_file_rules","REFERENCES"
"postgres","pg_ident_file_mappings","UPDATE"
"postgres","pg_ident_file_mappings","TRUNCATE"
"postgres","pg_ident_file_mappings","REFERENCES"
"postgres","pg_ident_file_mappings","TRIGGER"
"postgres","pg_ident_file_mappings","INSERT"
"postgres","pg_ident_file_mappings","SELECT"
"postgres","pg_ident_file_mappings","DELETE"
"postgres","pg_index","UPDATE"
"postgres","pg_index","INSERT"
"postgres","pg_index","SELECT"
"postgres","pg_index","DELETE"
"postgres","pg_index","TRUNCATE"
"postgres","pg_index","REFERENCES"
"postgres","pg_index","TRIGGER"
"PUBLIC","pg_index","SELECT"
"postgres","pg_indexes","DELETE"
"postgres","pg_indexes","UPDATE"
"postgres","pg_indexes","INSERT"
"postgres","pg_indexes","SELECT"
"PUBLIC","pg_indexes","SELECT"
"postgres","pg_indexes","TRIGGER"
"postgres","pg_indexes","REFERENCES"
"postgres","pg_indexes","TRUNCATE"
"postgres","pg_inherits","TRUNCATE"
"postgres","pg_inherits","SELECT"
"PUBLIC","pg_inherits","SELECT"
"postgres","pg_inherits","TRIGGER"
"postgres","pg_inherits","INSERT"
"postgres","pg_inherits","DELETE"
"postgres","pg_inherits","UPDATE"
"postgres","pg_inherits","REFERENCES"
"postgres","pg_init_privs","TRIGGER"
"postgres","pg_init_privs","TRUNCATE"
"postgres","pg_init_privs","INSERT"
"postgres","pg_init_privs","SELECT"
"postgres","pg_init_privs","UPDATE"
"postgres","pg_init_privs","REFERENCES"
"postgres","pg_init_privs","DELETE"
"PUBLIC","pg_init_privs","SELECT"
"postgres","pg_language","UPDATE"
"postgres","pg_language","DELETE"
"postgres","pg_language","TRUNCATE"
"postgres","pg_language","REFERENCES"
"postgres","pg_language","TRIGGER"
"PUBLIC","pg_language","SELECT"
"postgres","pg_language","SELECT"
"postgres","pg_language","INSERT"
"postgres","pg_largeobject","DELETE"
"postgres","pg_largeobject","TRIGGER"
"postgres","pg_largeobject","REFERENCES"
"postgres","pg_largeobject","TRUNCATE"
"postgres","pg_largeobject","UPDATE"
"postgres","pg_largeobject","SELECT"
"postgres","pg_largeobject","INSERT"
"postgres","pg_largeobject_metadata","INSERT"
"postgres","pg_largeobject_metadata","UPDATE"
"postgres","pg_largeobject_metadata","SELECT"
"PUBLIC","pg_largeobject_metadata","SELECT"
"postgres","pg_largeobject_metadata","TRIGGER"
"postgres","pg_largeobject_metadata","REFERENCES"
"postgres","pg_largeobject_metadata","TRUNCATE"
"postgres","pg_largeobject_metadata","DELETE"
"postgres","pg_locks","REFERENCES"
"postgres","pg_locks","TRUNCATE"
"postgres","pg_locks","DELETE"
"postgres","pg_locks","UPDATE"
"postgres","pg_locks","TRIGGER"
"postgres","pg_locks","SELECT"
"PUBLIC","pg_locks","SELECT"
"postgres","pg_locks","INSERT"
"PUBLIC","pg_matviews","SELECT"
"postgres","pg_matviews","REFERENCES"
"postgres","pg_matviews","INSERT"
"postgres","pg_matviews","TRUNCATE"
"postgres","pg_matviews","DELETE"
"postgres","pg_matviews","UPDATE"
"postgres","pg_matviews","SELECT"
"postgres","pg_matviews","TRIGGER"
"postgres","pg_namespace","TRUNCATE"
"PUBLIC","pg_namespace","SELECT"
"postgres","pg_namespace","TRIGGER"
"postgres","pg_namespace","INSERT"
"postgres","pg_namespace","SELECT"
"postgres","pg_namespace","UPDATE"
"postgres","pg_namespace","DELETE"
"postgres","pg_namespace","REFERENCES"
"PUBLIC","pg_opclass","SELECT"
"postgres","pg_opclass","INSERT"
"postgres","pg_opclass","SELECT"
"postgres","pg_opclass","UPDATE"
"postgres","pg_opclass","DELETE"
"postgres","pg_opclass","TRUNCATE"
"postgres","pg_opclass","REFERENCES"
"postgres","pg_opclass","TRIGGER"
"postgres","pg_operator","INSERT"
"postgres","pg_operator","REFERENCES"
"postgres","pg_operator","TRIGGER"
"PUBLIC","pg_operator","SELECT"
"postgres","pg_operator","TRUNCATE"
"postgres","pg_operator","DELETE"
"postgres","pg_operator","UPDATE"
"postgres","pg_operator","SELECT"
"postgres","pg_opfamily","DELETE"
"postgres","pg_opfamily","REFERENCES"
"postgres","pg_opfamily","TRIGGER"
"PUBLIC","pg_opfamily","SELECT"
"postgres","pg_opfamily","SELECT"
"postgres","pg_opfamily","INSERT"
"postgres","pg_opfamily","UPDATE"
"postgres","pg_opfamily","TRUNCATE"
"postgres","pg_parameter_acl","DELETE"
"PUBLIC","pg_parameter_acl","SELECT"
"postgres","pg_parameter_acl","TRIGGER"
"postgres","pg_parameter_acl","REFERENCES"
"postgres","pg_parameter_acl","UPDATE"
"postgres","pg_parameter_acl","SELECT"
"postgres","pg_parameter_acl","INSERT"
"postgres","pg_parameter_acl","TRUNCATE"
"postgres","pg_partitioned_table","INSERT"
"PUBLIC","pg_partitioned_table","SELECT"
"postgres","pg_partitioned_table","TRIGGER"
"postgres","pg_partitioned_table","REFERENCES"
"postgres","pg_partitioned_table","TRUNCATE"
"postgres","pg_partitioned_table","DELETE"
"postgres","pg_partitioned_table","UPDATE"
"postgres","pg_partitioned_table","SELECT"
"postgres","pg_policies","INSERT"
"postgres","pg_policies","SELECT"
"postgres","pg_policies","REFERENCES"
"postgres","pg_policies","TRIGGER"
"PUBLIC","pg_policies","SELECT"
"postgres","pg_policies","UPDATE"
"postgres","pg_policies","DELETE"
"postgres","pg_policies","TRUNCATE"
"postgres","pg_policy","TRIGGER"
"postgres","pg_policy","REFERENCES"
"postgres","pg_policy","TRUNCATE"
"postgres","pg_policy","DELETE"
"postgres","pg_policy","UPDATE"
"postgres","pg_policy","SELECT"
"postgres","pg_policy","INSERT"
"PUBLIC","pg_policy","SELECT"
"postgres","pg_prepared_statements","TRIGGER"
"postgres","pg_prepared_statements","TRUNCATE"
"postgres","pg_prepared_statements","DELETE"
"postgres","pg_prepared_statements","UPDATE"
"postgres","pg_prepared_statements","SELECT"
"postgres","pg_prepared_statements","INSERT"
"postgres","pg_prepared_statements","REFERENCES"
"PUBLIC","pg_prepared_statements","SELECT"
"postgres","pg_prepared_xacts","SELECT"
"postgres","pg_prepared_xacts","TRIGGER"
"postgres","pg_prepared_xacts","REFERENCES"
"postgres","pg_prepared_xacts","INSERT"
"postgres","pg_prepared_xacts","DELETE"
"postgres","pg_prepared_xacts","TRUNCATE"
"PUBLIC","pg_prepared_xacts","SELECT"
"postgres","pg_prepared_xacts","UPDATE"
"postgres","pg_proc","UPDATE"
"postgres","pg_proc","DELETE"
"postgres","pg_proc","TRUNCATE"
"PUBLIC","pg_proc","SELECT"
"postgres","pg_proc","TRIGGER"
"postgres","pg_proc","REFERENCES"
"postgres","pg_proc","INSERT"
"postgres","pg_proc","SELECT"
"postgres","pg_publication","DELETE"
"postgres","pg_publication","UPDATE"
"postgres","pg_publication","SELECT"
"postgres","pg_publication","INSERT"
"postgres","pg_publication","TRIGGER"
"PUBLIC","pg_publication","SELECT"
"postgres","pg_publication","REFERENCES"
"postgres","pg_publication","TRUNCATE"
"postgres","pg_publication_namespace","SELECT"
"postgres","pg_publication_namespace","DELETE"
"postgres","pg_publication_namespace","TRUNCATE"
"postgres","pg_publication_namespace","REFERENCES"
"PUBLIC","pg_publication_namespace","SELECT"
"postgres","pg_publication_namespace","TRIGGER"
"postgres","pg_publication_namespace","INSERT"
"postgres","pg_publication_namespace","UPDATE"
"postgres","pg_publication_rel","UPDATE"
"postgres","pg_publication_rel","DELETE"
"postgres","pg_publication_rel","TRUNCATE"
"postgres","pg_publication_rel","REFERENCES"
"PUBLIC","pg_publication_rel","SELECT"
"postgres","pg_publication_rel","TRIGGER"
"postgres","pg_publication_rel","INSERT"
"postgres","pg_publication_rel","SELECT"
"postgres","pg_publication_tables","SELECT"
"postgres","pg_publication_tables","DELETE"
"postgres","pg_publication_tables","TRUNCATE"
"postgres","pg_publication_tables","REFERENCES"
"postgres","pg_publication_tables","TRIGGER"
"PUBLIC","pg_publication_tables","SELECT"
"postgres","pg_publication_tables","INSERT"
"postgres","pg_publication_tables","UPDATE"
"postgres","pg_range","REFERENCES"
"postgres","pg_range","TRUNCATE"
"postgres","pg_range","DELETE"
"postgres","pg_range","UPDATE"
"postgres","pg_range","SELECT"
"postgres","pg_range","INSERT"
"PUBLIC","pg_range","SELECT"
"postgres","pg_range","TRIGGER"
"postgres","pg_replication_origin","REFERENCES"
"postgres","pg_replication_origin","TRIGGER"
"PUBLIC","pg_replication_origin","SELECT"
"postgres","pg_replication_origin","INSERT"
"postgres","pg_replication_origin","SELECT"
"postgres","pg_replication_origin","UPDATE"
"postgres","pg_replication_origin","DELETE"
"postgres","pg_replication_origin","TRUNCATE"
"postgres","pg_replication_origin_status","DELETE"
"postgres","pg_replication_origin_status","TRUNCATE"
"postgres","pg_replication_origin_status","REFERENCES"
"postgres","pg_replication_origin_status","TRIGGER"
"postgres","pg_replication_origin_status","SELECT"
"postgres","pg_replication_origin_status","INSERT"
"postgres","pg_replication_origin_status","UPDATE"
"postgres","pg_replication_slots","DELETE"
"postgres","pg_replication_slots","SELECT"
"postgres","pg_replication_slots","INSERT"
"PUBLIC","pg_replication_slots","SELECT"
"postgres","pg_replication_slots","TRIGGER"
"postgres","pg_replication_slots","REFERENCES"
"postgres","pg_replication_slots","TRUNCATE"
"postgres","pg_replication_slots","UPDATE"
"postgres","pg_rewrite","TRIGGER"
"PUBLIC","pg_rewrite","SELECT"
"postgres","pg_rewrite","DELETE"
"postgres","pg_rewrite","TRUNCATE"
"postgres","pg_rewrite","INSERT"
"postgres","pg_rewrite","SELECT"
"postgres","pg_rewrite","UPDATE"
"postgres","pg_rewrite","REFERENCES"
"postgres","pg_roles","SELECT"
"postgres","pg_roles","INSERT"
"PUBLIC","pg_roles","SELECT"
"postgres","pg_roles","TRIGGER"
"postgres","pg_roles","REFERENCES"
"postgres","pg_roles","TRUNCATE"
"postgres","pg_roles","DELETE"
"postgres","pg_roles","UPDATE"
"PUBLIC","pg_rules","SELECT"
"postgres","pg_rules","TRIGGER"
"postgres","pg_rules","REFERENCES"
"postgres","pg_rules","INSERT"
"postgres","pg_rules","SELECT"
"postgres","pg_rules","UPDATE"
"postgres","pg_rules","DELETE"
"postgres","pg_rules","TRUNCATE"
"postgres","pg_seclabel","TRUNCATE"
"postgres","pg_seclabel","DELETE"
"postgres","pg_seclabel","SELECT"
"postgres","pg_seclabel","UPDATE"
"postgres","pg_seclabel","INSERT"
"postgres","pg_seclabel","TRIGGER"
"PUBLIC","pg_seclabel","SELECT"
"postgres","pg_seclabel","REFERENCES"
"postgres","pg_seclabels","REFERENCES"
"postgres","pg_seclabels","UPDATE"
"postgres","pg_seclabels","SELECT"
"postgres","pg_seclabels","TRUNCATE"
"postgres","pg_seclabels","DELETE"
"PUBLIC","pg_seclabels","SELECT"
"postgres","pg_seclabels","TRIGGER"
"postgres","pg_seclabels","INSERT"
"postgres","pg_sequence","DELETE"
"postgres","pg_sequence","INSERT"
"postgres","pg_sequence","SELECT"
"postgres","pg_sequence","UPDATE"
"postgres","pg_sequence","TRUNCATE"
"postgres","pg_sequence","REFERENCES"
"postgres","pg_sequence","TRIGGER"
"PUBLIC","pg_sequence","SELECT"
"postgres","pg_sequences","SELECT"
"PUBLIC","pg_sequences","SELECT"
"postgres","pg_sequences","TRIGGER"
"postgres","pg_sequences","REFERENCES"
"postgres","pg_sequences","TRUNCATE"
"postgres","pg_sequences","DELETE"
"postgres","pg_sequences","UPDATE"
"postgres","pg_sequences","INSERT"
"PUBLIC","pg_settings","UPDATE"
"PUBLIC","pg_settings","SELECT"
"postgres","pg_settings","UPDATE"
"postgres","pg_settings","DELETE"
"postgres","pg_settings","TRUNCATE"
"postgres","pg_settings","REFERENCES"
"postgres","pg_settings","TRIGGER"
"postgres","pg_settings","INSERT"
"postgres","pg_settings","SELECT"
"postgres","pg_shadow","UPDATE"
"postgres","pg_shadow","SELECT"
"postgres","pg_shadow","REFERENCES"
"postgres","pg_shadow","TRUNCATE"
"postgres","pg_shadow","DELETE"
"postgres","pg_shadow","TRIGGER"
"postgres","pg_shadow","INSERT"
"postgres","pg_shdepend","TRUNCATE"
"postgres","pg_shdepend","TRIGGER"
"PUBLIC","pg_shdepend","SELECT"
"postgres","pg_shdepend","INSERT"
"postgres","pg_shdepend","SELECT"
"postgres","pg_shdepend","UPDATE"
"postgres","pg_shdepend","DELETE"
"postgres","pg_shdepend","REFERENCES"
"PUBLIC","pg_shdescription","SELECT"
"postgres","pg_shdescription","TRIGGER"
"postgres","pg_shdescription","UPDATE"
"postgres","pg_shdescription","SELECT"
"postgres","pg_shdescription","INSERT"
"postgres","pg_shdescription","DELETE"
"postgres","pg_shdescription","TRUNCATE"
"postgres","pg_shdescription","REFERENCES"
"postgres","pg_shmem_allocations","TRIGGER"
"postgres","pg_shmem_allocations","TRUNCATE"
"postgres","pg_shmem_allocations","SELECT"
"postgres","pg_shmem_allocations","INSERT"
"pg_read_all_stats","pg_shmem_allocations","SELECT"
"postgres","pg_shmem_allocations","UPDATE"
"postgres","pg_shmem_allocations","DELETE"
"postgres","pg_shmem_allocations","REFERENCES"
"postgres","pg_shseclabel","UPDATE"
"postgres","pg_shseclabel","INSERT"
"PUBLIC","pg_shseclabel","SELECT"
"postgres","pg_shseclabel","TRIGGER"
"postgres","pg_shseclabel","REFERENCES"
"postgres","pg_shseclabel","TRUNCATE"
"postgres","pg_shseclabel","DELETE"
"postgres","pg_shseclabel","SELECT"
"postgres","pg_stat_activity","UPDATE"
"postgres","pg_stat_activity","DELETE"
"postgres","pg_stat_activity","TRIGGER"
"PUBLIC","pg_stat_activity","SELECT"
"postgres","pg_stat_activity","REFERENCES"
"postgres","pg_stat_activity","TRUNCATE"
"postgres","pg_stat_activity","INSERT"
"postgres","pg_stat_activity","SELECT"
"postgres","pg_stat_all_indexes","INSERT"
"postgres","pg_stat_all_indexes","UPDATE"
"postgres","pg_stat_all_indexes","SELECT"
"PUBLIC","pg_stat_all_indexes","SELECT"
"postgres","pg_stat_all_indexes","TRIGGER"
"postgres","pg_stat_all_indexes","REFERENCES"
"postgres","pg_stat_all_indexes","TRUNCATE"
"postgres","pg_stat_all_indexes","DELETE"
"postgres","pg_stat_all_tables","SELECT"
"postgres","pg_stat_all_tables","UPDATE"
"postgres","pg_stat_all_tables","DELETE"
"PUBLIC","pg_stat_all_tables","SELECT"
"postgres","pg_stat_all_tables","TRIGGER"
"postgres","pg_stat_all_tables","REFERENCES"
"postgres","pg_stat_all_tables","TRUNCATE"
"postgres","pg_stat_all_tables","INSERT"
"PUBLIC","pg_stat_archiver","SELECT"
"postgres","pg_stat_archiver","REFERENCES"
"postgres","pg_stat_archiver","TRUNCATE"
"postgres","pg_stat_archiver","TRIGGER"
"postgres","pg_stat_archiver","DELETE"
"postgres","pg_stat_archiver","UPDATE"
"postgres","pg_stat_archiver","INSERT"
"postgres","pg_stat_archiver","SELECT"
"postgres","pg_stat_bgwriter","UPDATE"
"PUBLIC","pg_stat_bgwriter","SELECT"
"postgres","pg_stat_bgwriter","TRIGGER"
"postgres","pg_stat_bgwriter","REFERENCES"
"postgres","pg_stat_bgwriter","TRUNCATE"
"postgres","pg_stat_bgwriter","DELETE"
"postgres","pg_stat_bgwriter","SELECT"
"postgres","pg_stat_bgwriter","INSERT"
"postgres","pg_stat_database","REFERENCES"
"postgres","pg_stat_database","TRUNCATE"
"postgres","pg_stat_database","DELETE"
"postgres","pg_stat_database","UPDATE"
"postgres","pg_stat_database","SELECT"
"postgres","pg_stat_database","INSERT"
"PUBLIC","pg_stat_database","SELECT"
"postgres","pg_stat_database","TRIGGER"
"postgres","pg_stat_database_conflicts","INSERT"
"postgres","pg_stat_database_conflicts","REFERENCES"
"postgres","pg_stat_database_conflicts","TRUNCATE"
"postgres","pg_stat_database_conflicts","DELETE"
"PUBLIC","pg_stat_database_conflicts","SELECT"
"postgres","pg_stat_database_conflicts","UPDATE"
"postgres","pg_stat_database_conflicts","SELECT"
"postgres","pg_stat_database_conflicts","TRIGGER"
"postgres","pg_stat_gssapi","INSERT"
"postgres","pg_stat_gssapi","TRIGGER"
"postgres","pg_stat_gssapi","REFERENCES"
"postgres","pg_stat_gssapi","TRUNCATE"
"postgres","pg_stat_gssapi","DELETE"
"postgres","pg_stat_gssapi","UPDATE"
"postgres","pg_stat_gssapi","SELECT"
"PUBLIC","pg_stat_gssapi","SELECT"
"postgres","pg_stat_io","TRUNCATE"
"postgres","pg_stat_io","INSERT"
"postgres","pg_stat_io","SELECT"
"postgres","pg_stat_io","UPDATE"
"postgres","pg_stat_io","DELETE"
"postgres","pg_stat_io","REFERENCES"
"postgres","pg_stat_io","TRIGGER"
"PUBLIC","pg_stat_io","SELECT"
"postgres","pg_stat_progress_analyze","UPDATE"
"postgres","pg_stat_progress_analyze","DELETE"
"postgres","pg_stat_progress_analyze","TRUNCATE"
"postgres","pg_stat_progress_analyze","REFERENCES"
"postgres","pg_stat_progress_analyze","TRIGGER"
"PUBLIC","pg_stat_progress_analyze","SELECT"
"postgres","pg_stat_progress_analyze","INSERT"
"postgres","pg_stat_progress_analyze","SELECT"
"PUBLIC","pg_stat_progress_basebackup","SELECT"
"postgres","pg_stat_progress_basebackup","TRIGGER"
"postgres","pg_stat_progress_basebackup","REFERENCES"
"postgres","pg_stat_progress_basebackup","TRUNCATE"
"postgres","pg_stat_progress_basebackup","DELETE"
"postgres","pg_stat_progress_basebackup","UPDATE"
"postgres","pg_stat_progress_basebackup","SELECT"
"postgres","pg_stat_progress_basebackup","INSERT"
"postgres","pg_stat_progress_cluster","INSERT"
"postgres","pg_stat_progress_cluster","SELECT"
"postgres","pg_stat_progress_cluster","UPDATE"
"postgres","pg_stat_progress_cluster","DELETE"
"postgres","pg_stat_progress_cluster","TRUNCATE"
"postgres","pg_stat_progress_cluster","REFERENCES"
"postgres","pg_stat_progress_cluster","TRIGGER"
"PUBLIC","pg_stat_progress_cluster","SELECT"
"postgres","pg_stat_progress_copy","INSERT"
"PUBLIC","pg_stat_progress_copy","SELECT"
"postgres","pg_stat_progress_copy","TRIGGER"
"postgres","pg_stat_progress_copy","REFERENCES"
"postgres","pg_stat_progress_copy","TRUNCATE"
"postgres","pg_stat_progress_copy","DELETE"
"postgres","pg_stat_progress_copy","UPDATE"
"postgres","pg_stat_progress_copy","SELECT"
"PUBLIC","pg_stat_progress_create_index","SELECT"
"postgres","pg_stat_progress_create_index","INSERT"
"postgres","pg_stat_progress_create_index","SELECT"
"postgres","pg_stat_progress_create_index","UPDATE"
"postgres","pg_stat_progress_create_index","DELETE"
"postgres","pg_stat_progress_create_index","TRUNCATE"
"postgres","pg_stat_progress_create_index","REFERENCES"
"postgres","pg_stat_progress_create_index","TRIGGER"
"PUBLIC","pg_stat_progress_vacuum","SELECT"
"postgres","pg_stat_progress_vacuum","INSERT"
"postgres","pg_stat_progress_vacuum","SELECT"
"postgres","pg_stat_progress_vacuum","UPDATE"
"postgres","pg_stat_progress_vacuum","REFERENCES"
"postgres","pg_stat_progress_vacuum","DELETE"
"postgres","pg_stat_progress_vacuum","TRUNCATE"
"postgres","pg_stat_progress_vacuum","TRIGGER"
"postgres","pg_stat_recovery_prefetch","REFERENCES"
"postgres","pg_stat_recovery_prefetch","INSERT"
"postgres","pg_stat_recovery_prefetch","SELECT"
"postgres","pg_stat_recovery_prefetch","UPDATE"
"postgres","pg_stat_recovery_prefetch","DELETE"
"postgres","pg_stat_recovery_prefetch","TRUNCATE"
"postgres","pg_stat_recovery_prefetch","TRIGGER"
"PUBLIC","pg_stat_recovery_prefetch","SELECT"
"PUBLIC","pg_stat_replication","SELECT"
"postgres","pg_stat_replication","TRIGGER"
"postgres","pg_stat_replication","REFERENCES"
"postgres","pg_stat_replication","TRUNCATE"
"postgres","pg_stat_replication","INSERT"
"postgres","pg_stat_replication","DELETE"
"postgres","pg_stat_replication","UPDATE"
"postgres","pg_stat_replication","SELECT"
"postgres","pg_stat_replication_slots","DELETE"
"PUBLIC","pg_stat_replication_slots","SELECT"
"postgres","pg_stat_replication_slots","TRIGGER"
"postgres","pg_stat_replication_slots","REFERENCES"
"postgres","pg_stat_replication_slots","TRUNCATE"
"postgres","pg_stat_replication_slots","UPDATE"
"postgres","pg_stat_replication_slots","SELECT"
"postgres","pg_stat_replication_slots","INSERT"
"PUBLIC","pg_stat_slru","SELECT"
"postgres","pg_stat_slru","INSERT"
"postgres","pg_stat_slru","SELECT"
"postgres","pg_stat_slru","UPDATE"
"postgres","pg_stat_slru","DELETE"
"postgres","pg_stat_slru","TRUNCATE"
"postgres","pg_stat_slru","REFERENCES"
"postgres","pg_stat_slru","TRIGGER"
"PUBLIC","pg_stat_ssl","SELECT"
"postgres","pg_stat_ssl","TRIGGER"
"postgres","pg_stat_ssl","REFERENCES"
"postgres","pg_stat_ssl","TRUNCATE"
"postgres","pg_stat_ssl","DELETE"
"postgres","pg_stat_ssl","UPDATE"
"postgres","pg_stat_ssl","SELECT"
"postgres","pg_stat_ssl","INSERT"
"postgres","pg_stat_subscription","INSERT"
"postgres","pg_stat_subscription","SELECT"
"postgres","pg_stat_subscription","UPDATE"
"postgres","pg_stat_subscription","DELETE"
"postgres","pg_stat_subscription","TRUNCATE"
"postgres","pg_stat_subscription","REFERENCES"
"postgres","pg_stat_subscription","TRIGGER"
"PUBLIC","pg_stat_subscription","SELECT"
"postgres","pg_stat_subscription_stats","INSERT"
"postgres","pg_stat_subscription_stats","SELECT"
"postgres","pg_stat_subscription_stats","UPDATE"
"postgres","pg_stat_subscription_stats","DELETE"
"postgres","pg_stat_subscription_stats","TRUNCATE"
"postgres","pg_stat_subscription_stats","REFERENCES"
"postgres","pg_stat_subscription_stats","TRIGGER"
"PUBLIC","pg_stat_subscription_stats","SELECT"
"postgres","pg_stat_sys_indexes","INSERT"
"PUBLIC","pg_stat_sys_indexes","SELECT"
"postgres","pg_stat_sys_indexes","TRIGGER"
"postgres","pg_stat_sys_indexes","REFERENCES"
"postgres","pg_stat_sys_indexes","TRUNCATE"
"postgres","pg_stat_sys_indexes","DELETE"
"postgres","pg_stat_sys_indexes","UPDATE"
"postgres","pg_stat_sys_indexes","SELECT"
"postgres","pg_stat_sys_tables","INSERT"
"postgres","pg_stat_sys_tables","SELECT"
"postgres","pg_stat_sys_tables","UPDATE"
"postgres","pg_stat_sys_tables","DELETE"
"postgres","pg_stat_sys_tables","TRUNCATE"
"postgres","pg_stat_sys_tables","REFERENCES"
"postgres","pg_stat_sys_tables","TRIGGER"
"PUBLIC","pg_stat_sys_tables","SELECT"
"postgres","pg_stat_user_functions","INSERT"
"postgres","pg_stat_user_functions","SELECT"
"postgres","pg_stat_user_functions","UPDATE"
"postgres","pg_stat_user_functions","DELETE"
"postgres","pg_stat_user_functions","TRUNCATE"
"postgres","pg_stat_user_functions","REFERENCES"
"postgres","pg_stat_user_functions","TRIGGER"
"PUBLIC","pg_stat_user_functions","SELECT"
"postgres","pg_stat_user_indexes","INSERT"
"postgres","pg_stat_user_indexes","SELECT"
"postgres","pg_stat_user_indexes","UPDATE"
"postgres","pg_stat_user_indexes","DELETE"
"PUBLIC","pg_stat_user_indexes","SELECT"
"postgres","pg_stat_user_indexes","TRUNCATE"
"postgres","pg_stat_user_indexes","REFERENCES"
"postgres","pg_stat_user_indexes","TRIGGER"
"PUBLIC","pg_stat_user_tables","SELECT"
"postgres","pg_stat_user_tables","TRIGGER"
"postgres","pg_stat_user_tables","REFERENCES"
"postgres","pg_stat_user_tables","TRUNCATE"
"postgres","pg_stat_user_tables","DELETE"
"postgres","pg_stat_user_tables","UPDATE"
"postgres","pg_stat_user_tables","SELECT"
"postgres","pg_stat_user_tables","INSERT"
"postgres","pg_stat_wal","INSERT"
"postgres","pg_stat_wal","SELECT"
"postgres","pg_stat_wal","UPDATE"
"postgres","pg_stat_wal","DELETE"
"postgres","pg_stat_wal","TRUNCATE"
"postgres","pg_stat_wal","REFERENCES"
"postgres","pg_stat_wal","TRIGGER"
"PUBLIC","pg_stat_wal","SELECT"
"postgres","pg_stat_wal_receiver","INSERT"
"postgres","pg_stat_wal_receiver","SELECT"
"postgres","pg_stat_wal_receiver","UPDATE"
"postgres","pg_stat_wal_receiver","DELETE"
"postgres","pg_stat_wal_receiver","TRUNCATE"
"postgres","pg_stat_wal_receiver","REFERENCES"
"postgres","pg_stat_wal_receiver","TRIGGER"
"PUBLIC","pg_stat_wal_receiver","SELECT"
"postgres","pg_stat_xact_all_tables","DELETE"
"postgres","pg_stat_xact_all_tables","INSERT"
"postgres","pg_stat_xact_all_tables","SELECT"
"postgres","pg_stat_xact_all_tables","UPDATE"
"postgres","pg_stat_xact_all_tables","TRUNCATE"
"postgres","pg_stat_xact_all_tables","REFERENCES"
"postgres","pg_stat_xact_all_tables","TRIGGER"
"PUBLIC","pg_stat_xact_all_tables","SELECT"
"PUBLIC","pg_stat_xact_sys_tables","SELECT"
"postgres","pg_stat_xact_sys_tables","INSERT"
"postgres","pg_stat_xact_sys_tables","SELECT"
"postgres","pg_stat_xact_sys_tables","UPDATE"
"postgres","pg_stat_xact_sys_tables","DELETE"
"postgres","pg_stat_xact_sys_tables","TRUNCATE"
"postgres","pg_stat_xact_sys_tables","REFERENCES"
"postgres","pg_stat_xact_sys_tables","TRIGGER"
"postgres","pg_stat_xact_user_functions","INSERT"
"postgres","pg_stat_xact_user_functions","SELECT"
"postgres","pg_stat_xact_user_functions","UPDATE"
"postgres","pg_stat_xact_user_functions","DELETE"
"postgres","pg_stat_xact_user_functions","TRUNCATE"
"postgres","pg_stat_xact_user_functions","REFERENCES"
"postgres","pg_stat_xact_user_functions","TRIGGER"
"PUBLIC","pg_stat_xact_user_functions","SELECT"
"postgres","pg_stat_xact_user_tables","TRIGGER"
"postgres","pg_stat_xact_user_tables","REFERENCES"
"postgres","pg_stat_xact_user_tables","TRUNCATE"
"postgres","pg_stat_xact_user_tables","DELETE"
"postgres","pg_stat_xact_user_tables","UPDATE"
"postgres","pg_stat_xact_user_tables","SELECT"
"postgres","pg_stat_xact_user_tables","INSERT"
"PUBLIC","pg_stat_xact_user_tables","SELECT"
"PUBLIC","pg_statio_all_indexes","SELECT"
"postgres","pg_statio_all_indexes","TRIGGER"
"postgres","pg_statio_all_indexes","REFERENCES"
"postgres","pg_statio_all_indexes","TRUNCATE"
"postgres","pg_statio_all_indexes","DELETE"
"postgres","pg_statio_all_indexes","UPDATE"
"postgres","pg_statio_all_indexes","SELECT"
"postgres","pg_statio_all_indexes","INSERT"
"PUBLIC","pg_statio_all_sequences","SELECT"
"postgres","pg_statio_all_sequences","INSERT"
"postgres","pg_statio_all_sequences","SELECT"
"postgres","pg_statio_all_sequences","UPDATE"
"postgres","pg_statio_all_sequences","DELETE"
"postgres","pg_statio_all_sequences","TRUNCATE"
"postgres","pg_statio_all_sequences","REFERENCES"
"postgres","pg_statio_all_sequences","TRIGGER"
"PUBLIC","pg_statio_all_tables","SELECT"
"postgres","pg_statio_all_tables","TRIGGER"
"postgres","pg_statio_all_tables","REFERENCES"
"postgres","pg_statio_all_tables","TRUNCATE"
"postgres","pg_statio_all_tables","DELETE"
"postgres","pg_statio_all_tables","UPDATE"
"postgres","pg_statio_all_tables","SELECT"
"postgres","pg_statio_all_tables","INSERT"
"PUBLIC","pg_statio_sys_indexes","SELECT"
"postgres","pg_statio_sys_indexes","TRIGGER"
"postgres","pg_statio_sys_indexes","REFERENCES"
"postgres","pg_statio_sys_indexes","TRUNCATE"
"postgres","pg_statio_sys_indexes","DELETE"
"postgres","pg_statio_sys_indexes","UPDATE"
"postgres","pg_statio_sys_indexes","SELECT"
"postgres","pg_statio_sys_indexes","INSERT"
"postgres","pg_statio_sys_sequences","INSERT"
"PUBLIC","pg_statio_sys_sequences","SELECT"
"postgres","pg_statio_sys_sequences","TRIGGER"
"postgres","pg_statio_sys_sequences","REFERENCES"
"postgres","pg_statio_sys_sequences","TRUNCATE"
"postgres","pg_statio_sys_sequences","DELETE"
"postgres","pg_statio_sys_sequences","UPDATE"
"postgres","pg_statio_sys_sequences","SELECT"
"postgres","pg_statio_sys_tables","INSERT"
"postgres","pg_statio_sys_tables","SELECT"
"postgres","pg_statio_sys_tables","UPDATE"
"postgres","pg_statio_sys_tables","DELETE"
"postgres","pg_statio_sys_tables","TRUNCATE"
"postgres","pg_statio_sys_tables","REFERENCES"
"postgres","pg_statio_sys_tables","TRIGGER"
"PUBLIC","pg_statio_sys_tables","SELECT"
"postgres","pg_statio_user_indexes","INSERT"
"postgres","pg_statio_user_indexes","SELECT"
"postgres","pg_statio_user_indexes","UPDATE"
"postgres","pg_statio_user_indexes","DELETE"
"postgres","pg_statio_user_indexes","TRUNCATE"
"postgres","pg_statio_user_indexes","REFERENCES"
"postgres","pg_statio_user_indexes","TRIGGER"
"PUBLIC","pg_statio_user_indexes","SELECT"
"PUBLIC","pg_statio_user_sequences","SELECT"
"postgres","pg_statio_user_sequences","INSERT"
"postgres","pg_statio_user_sequences","SELECT"
"postgres","pg_statio_user_sequences","UPDATE"
"postgres","pg_statio_user_sequences","DELETE"
"postgres","pg_statio_user_sequences","TRUNCATE"
"postgres","pg_statio_user_sequences","REFERENCES"
"postgres","pg_statio_user_sequences","TRIGGER"
"PUBLIC","pg_statio_user_tables","SELECT"
"postgres","pg_statio_user_tables","INSERT"
"postgres","pg_statio_user_tables","SELECT"
"postgres","pg_statio_user_tables","UPDATE"
"postgres","pg_statio_user_tables","DELETE"
"postgres","pg_statio_user_tables","TRUNCATE"
"postgres","pg_statio_user_tables","REFERENCES"
"postgres","pg_statio_user_tables","TRIGGER"
"postgres","pg_statistic","UPDATE"
"postgres","pg_statistic","INSERT"
"postgres","pg_statistic","TRIGGER"
"postgres","pg_statistic","REFERENCES"
"postgres","pg_statistic","TRUNCATE"
"postgres","pg_statistic","DELETE"
"postgres","pg_statistic","SELECT"
"postgres","pg_statistic_ext","SELECT"
"postgres","pg_statistic_ext","INSERT"
"postgres","pg_statistic_ext","TRIGGER"
"PUBLIC","pg_statistic_ext","SELECT"
"postgres","pg_statistic_ext","REFERENCES"
"postgres","pg_statistic_ext","TRUNCATE"
"postgres","pg_statistic_ext","DELETE"
"postgres","pg_statistic_ext","UPDATE"
"postgres","pg_statistic_ext_data","TRIGGER"
"postgres","pg_statistic_ext_data","REFERENCES"
"postgres","pg_statistic_ext_data","TRUNCATE"
"postgres","pg_statistic_ext_data","DELETE"
"postgres","pg_statistic_ext_data","UPDATE"
"postgres","pg_statistic_ext_data","SELECT"
"postgres","pg_statistic_ext_data","INSERT"
"postgres","pg_stats","INSERT"
"postgres","pg_stats","SELECT"
"PUBLIC","pg_stats","SELECT"
"postgres","pg_stats","TRIGGER"
"postgres","pg_stats","REFERENCES"
"postgres","pg_stats","TRUNCATE"
"postgres","pg_stats","DELETE"
"postgres","pg_stats","UPDATE"
"postgres","pg_stats_ext","TRIGGER"
"PUBLIC","pg_stats_ext","SELECT"
"postgres","pg_stats_ext","REFERENCES"
"postgres","pg_stats_ext","TRUNCATE"
"postgres","pg_stats_ext","DELETE"
"postgres","pg_stats_ext","UPDATE"
"postgres","pg_stats_ext","SELECT"
"postgres","pg_stats_ext","INSERT"
"postgres","pg_stats_ext_exprs","INSERT"
"postgres","pg_stats_ext_exprs","SELECT"
"postgres","pg_stats_ext_exprs","UPDATE"
"postgres","pg_stats_ext_exprs","DELETE"
"postgres","pg_stats_ext_exprs","TRUNCATE"
"postgres","pg_stats_ext_exprs","REFERENCES"
"postgres","pg_stats_ext_exprs","TRIGGER"
"PUBLIC","pg_stats_ext_exprs","SELECT"
"postgres","pg_subscription","SELECT"
"postgres","pg_subscription","TRIGGER"
"postgres","pg_subscription","REFERENCES"
"postgres","pg_subscription","INSERT"
"postgres","pg_subscription","TRUNCATE"
"postgres","pg_subscription","DELETE"
"postgres","pg_subscription","UPDATE"
"postgres","pg_subscription_rel","UPDATE"
"PUBLIC","pg_subscription_rel","SELECT"
"postgres","pg_subscription_rel","TRIGGER"
"postgres","pg_subscription_rel","REFERENCES"
"postgres","pg_subscription_rel","TRUNCATE"
"postgres","pg_subscription_rel","DELETE"
"postgres","pg_subscription_rel","SELECT"
"postgres","pg_subscription_rel","INSERT"
"postgres","pg_tables","INSERT"
"postgres","pg_tables","TRUNCATE"
"postgres","pg_tables","REFERENCES"
"PUBLIC","pg_tables","SELECT"
"postgres","pg_tables","TRIGGER"
"postgres","pg_tables","DELETE"
"postgres","pg_tables","UPDATE"
"postgres","pg_tables","SELECT"
"postgres","pg_tablespace","INSERT"
"postgres","pg_tablespace","UPDATE"
"postgres","pg_tablespace","SELECT"
"PUBLIC","pg_tablespace","SELECT"
"postgres","pg_tablespace","DELETE"
"postgres","pg_tablespace","TRUNCATE"
"postgres","pg_tablespace","REFERENCES"
"postgres","pg_tablespace","TRIGGER"
"postgres","pg_timezone_abbrevs","REFERENCES"
"PUBLIC","pg_timezone_abbrevs","SELECT"
"postgres","pg_timezone_abbrevs","TRIGGER"
"postgres","pg_timezone_abbrevs","SELECT"
"postgres","pg_timezone_abbrevs","INSERT"
"postgres","pg_timezone_abbrevs","UPDATE"
"postgres","pg_timezone_abbrevs","DELETE"
"postgres","pg_timezone_abbrevs","TRUNCATE"
"postgres","pg_timezone_names","INSERT"
"PUBLIC","pg_timezone_names","SELECT"
"postgres","pg_timezone_names","TRIGGER"
"postgres","pg_timezone_names","REFERENCES"
"postgres","pg_timezone_names","TRUNCATE"
"postgres","pg_timezone_names","DELETE"
"postgres","pg_timezone_names","UPDATE"
"postgres","pg_timezone_names","SELECT"
"postgres","pg_transform","TRIGGER"
"postgres","pg_transform","INSERT"
"PUBLIC","pg_transform","SELECT"
"postgres","pg_transform","SELECT"
"postgres","pg_transform","UPDATE"
"postgres","pg_transform","DELETE"
"postgres","pg_transform","TRUNCATE"
"postgres","pg_transform","REFERENCES"
"postgres","pg_trigger","SELECT"
"PUBLIC","pg_trigger","SELECT"
"postgres","pg_trigger","INSERT"
"postgres","pg_trigger","REFERENCES"
"postgres","pg_trigger","TRUNCATE"
"postgres","pg_trigger","DELETE"
"postgres","pg_trigger","UPDATE"
"postgres","pg_trigger","TRIGGER"
"postgres","pg_ts_config","REFERENCES"
"postgres","pg_ts_config","TRIGGER"
"PUBLIC","pg_ts_config","SELECT"
"postgres","pg_ts_config","SELECT"
"postgres","pg_ts_config","INSERT"
"postgres","pg_ts_config","UPDATE"
"postgres","pg_ts_config","DELETE"
"postgres","pg_ts_config","TRUNCATE"
"postgres","pg_ts_config_map","TRIGGER"
"postgres","pg_ts_config_map","UPDATE"
"postgres","pg_ts_config_map","DELETE"
"postgres","pg_ts_config_map","TRUNCATE"
"postgres","pg_ts_config_map","INSERT"
"postgres","pg_ts_config_map","SELECT"
"postgres","pg_ts_config_map","REFERENCES"
"PUBLIC","pg_ts_config_map","SELECT"
"postgres","pg_ts_dict","DELETE"
"postgres","pg_ts_dict","SELECT"
"postgres","pg_ts_dict","INSERT"
"PUBLIC","pg_ts_dict","SELECT"
"postgres","pg_ts_dict","TRIGGER"
"postgres","pg_ts_dict","REFERENCES"
"postgres","pg_ts_dict","TRUNCATE"
"postgres","pg_ts_dict","UPDATE"
"postgres","pg_ts_parser","REFERENCES"
"postgres","pg_ts_parser","TRIGGER"
"PUBLIC","pg_ts_parser","SELECT"
"postgres","pg_ts_parser","INSERT"
"postgres","pg_ts_parser","SELECT"
"postgres","pg_ts_parser","UPDATE"
"postgres","pg_ts_parser","DELETE"
"postgres","pg_ts_parser","TRUNCATE"
"postgres","pg_ts_template","DELETE"
"postgres","pg_ts_template","SELECT"
"postgres","pg_ts_template","INSERT"
"PUBLIC","pg_ts_template","SELECT"
"postgres","pg_ts_template","TRIGGER"
"postgres","pg_ts_template","REFERENCES"
"postgres","pg_ts_template","TRUNCATE"
"postgres","pg_ts_template","UPDATE"
"postgres","pg_type","UPDATE"
"PUBLIC","pg_type","SELECT"
"postgres","pg_type","SELECT"
"postgres","pg_type","TRIGGER"
"postgres","pg_type","INSERT"
"postgres","pg_type","REFERENCES"
"postgres","pg_type","TRUNCATE"
"postgres","pg_type","DELETE"
"postgres","pg_user","TRUNCATE"
"postgres","pg_user","UPDATE"
"postgres","pg_user","SELECT"
"postgres","pg_user","INSERT"
"PUBLIC","pg_user","SELECT"
"postgres","pg_user","TRIGGER"
"postgres","pg_user","REFERENCES"
"postgres","pg_user","DELETE"
"postgres","pg_user_mapping","SELECT"
"postgres","pg_user_mapping","INSERT"
"postgres","pg_user_mapping","UPDATE"
"postgres","pg_user_mapping","DELETE"
"postgres","pg_user_mapping","TRUNCATE"
"postgres","pg_user_mapping","REFERENCES"
"postgres","pg_user_mapping","TRIGGER"
"postgres","pg_user_mappings","REFERENCES"
"postgres","pg_user_mappings","TRUNCATE"
"postgres","pg_user_mappings","DELETE"
"postgres","pg_user_mappings","TRIGGER"
"PUBLIC","pg_user_mappings","SELECT"
"postgres","pg_user_mappings","UPDATE"
"postgres","pg_user_mappings","SELECT"
"postgres","pg_user_mappings","INSERT"
"postgres","pg_views","REFERENCES"
"postgres","pg_views","DELETE"
"postgres","pg_views","UPDATE"
"postgres","pg_views","SELECT"
"postgres","pg_views","INSERT"
"PUBLIC","pg_views","SELECT"
"postgres","pg_views","TRIGGER"
"postgres","pg_views","TRUNCATE"
"PUBLIC","referential_constraints","SELECT"
"postgres","referential_constraints","INSERT"
"postgres","referential_constraints","SELECT"
"postgres","referential_constraints","UPDATE"
"postgres","referential_constraints","DELETE"
"postgres","referential_constraints","TRUNCATE"
"postgres","referential_constraints","REFERENCES"
"postgres","referential_constraints","TRIGGER"
"postgres","rental","INSERT"
"postgres","rental","SELECT"
"postgres","rental","UPDATE"
"postgres","rental","TRIGGER"
"postgres","rental","REFERENCES"
"postgres","rental","TRUNCATE"
"postgres","rental","DELETE"
"postgres","role_column_grants","INSERT"
"postgres","role_column_grants","REFERENCES"
"postgres","role_column_grants","TRIGGER"
"PUBLIC","role_column_grants","SELECT"
"postgres","role_column_grants","TRUNCATE"
"postgres","role_column_grants","DELETE"
"postgres","role_column_grants","UPDATE"
"postgres","role_column_grants","SELECT"
"postgres","role_routine_grants","SELECT"
"postgres","role_routine_grants","INSERT"
"PUBLIC","role_routine_grants","SELECT"
"postgres","role_routine_grants","UPDATE"
"postgres","role_routine_grants","DELETE"
"postgres","role_routine_grants","TRUNCATE"
"postgres","role_routine_grants","REFERENCES"
"postgres","role_routine_grants","TRIGGER"
"postgres","role_table_grants","TRIGGER"
"postgres","role_table_grants","INSERT"
"postgres","role_table_grants","SELECT"
"postgres","role_table_grants","UPDATE"
"postgres","role_table_grants","DELETE"
"postgres","role_table_grants","TRUNCATE"
"postgres","role_table_grants","REFERENCES"
"PUBLIC","role_table_grants","SELECT"
"postgres","role_udt_grants","REFERENCES"
"postgres","role_udt_grants","TRUNCATE"
"postgres","role_udt_grants","DELETE"
"postgres","role_udt_grants","UPDATE"
"postgres","role_udt_grants","SELECT"
"postgres","role_udt_grants","INSERT"
"PUBLIC","role_udt_grants","SELECT"
"postgres","role_udt_grants","TRIGGER"
"postgres","role_usage_grants","TRIGGER"
"postgres","role_usage_grants","INSERT"
"postgres","role_usage_grants","SELECT"
"postgres","role_usage_grants","UPDATE"
"postgres","role_usage_grants","DELETE"
"postgres","role_usage_grants","TRUNCATE"
"postgres","role_usage_grants","REFERENCES"
"PUBLIC","role_usage_grants","SELECT"
"postgres","routine_column_usage","INSERT"
"PUBLIC","routine_column_usage","SELECT"
"postgres","routine_column_usage","UPDATE"
"postgres","routine_column_usage","DELETE"
"postgres","routine_column_usage","TRUNCATE"
"postgres","routine_column_usage","REFERENCES"
"postgres","routine_column_usage","TRIGGER"
"postgres","routine_column_usage","SELECT"
"postgres","routine_privileges","INSERT"
"postgres","routine_privileges","UPDATE"
"postgres","routine_privileges","DELETE"
"postgres","routine_privileges","TRUNCATE"
"postgres","routine_privileges","REFERENCES"
"postgres","routine_privileges","TRIGGER"
"PUBLIC","routine_privileges","SELECT"
"postgres","routine_privileges","SELECT"
"postgres","routine_routine_usage","SELECT"
"postgres","routine_routine_usage","DELETE"
"postgres","routine_routine_usage","TRUNCATE"
"postgres","routine_routine_usage","REFERENCES"
"postgres","routine_routine_usage","TRIGGER"
"PUBLIC","routine_routine_usage","SELECT"
"postgres","routine_routine_usage","INSERT"
"postgres","routine_routine_usage","UPDATE"
"postgres","routine_sequence_usage","SELECT"
"postgres","routine_sequence_usage","INSERT"
"postgres","routine_sequence_usage","UPDATE"
"postgres","routine_sequence_usage","DELETE"
"postgres","routine_sequence_usage","TRUNCATE"
"postgres","routine_sequence_usage","REFERENCES"
"postgres","routine_sequence_usage","TRIGGER"
"PUBLIC","routine_sequence_usage","SELECT"
"postgres","routine_table_usage","INSERT"
"postgres","routine_table_usage","SELECT"
"postgres","routine_table_usage","UPDATE"
"postgres","routine_table_usage","DELETE"
"postgres","routine_table_usage","TRUNCATE"
"postgres","routine_table_usage","REFERENCES"
"postgres","routine_table_usage","TRIGGER"
"PUBLIC","routine_table_usage","SELECT"
"PUBLIC","routines","SELECT"
"postgres","routines","TRIGGER"
"postgres","routines","REFERENCES"
"postgres","routines","TRUNCATE"
"postgres","routines","DELETE"
"postgres","routines","UPDATE"
"postgres","routines","SELECT"
"postgres","routines","INSERT"
"postgres","sales_by_film_category","INSERT"
"postgres","sales_by_film_category","SELECT"
"postgres","sales_by_film_category","UPDATE"
"postgres","sales_by_film_category","DELETE"
"postgres","sales_by_film_category","TRUNCATE"
"postgres","sales_by_film_category","REFERENCES"
"postgres","sales_by_film_category","TRIGGER"
"postgres","sales_by_store","SELECT"
"postgres","sales_by_store","INSERT"
"postgres","sales_by_store","UPDATE"
"postgres","sales_by_store","DELETE"
"postgres","sales_by_store","TRUNCATE"
"postgres","sales_by_store","REFERENCES"
"postgres","sales_by_store","TRIGGER"
"postgres","sales_revenue_by_category_qtr","TRIGGER"
"postgres","sales_revenue_by_category_qtr","REFERENCES"
"postgres","sales_revenue_by_category_qtr","TRUNCATE"
"postgres","sales_revenue_by_category_qtr","DELETE"
"postgres","sales_revenue_by_category_qtr","UPDATE"
"postgres","sales_revenue_by_category_qtr","SELECT"
"postgres","sales_revenue_by_category_qtr","INSERT"
"postgres","schemata","TRUNCATE"
"postgres","schemata","INSERT"
"postgres","schemata","REFERENCES"
"postgres","schemata","TRIGGER"
"postgres","schemata","DELETE"
"postgres","schemata","UPDATE"
"postgres","schemata","SELECT"
"PUBLIC","schemata","SELECT"
"postgres","sequences","TRUNCATE"
"postgres","sequences","INSERT"
"postgres","sequences","SELECT"
"postgres","sequences","UPDATE"
"postgres","sequences","DELETE"
"postgres","sequences","REFERENCES"
"postgres","sequences","TRIGGER"
"PUBLIC","sequences","SELECT"
"postgres","sql_features","REFERENCES"
"postgres","sql_features","TRIGGER"
"postgres","sql_features","SELECT"
"postgres","sql_features","UPDATE"
"PUBLIC","sql_features","SELECT"
"postgres","sql_features","DELETE"
"postgres","sql_features","TRUNCATE"
"postgres","sql_features","INSERT"
"postgres","sql_implementation_info","TRIGGER"
"postgres","sql_implementation_info","REFERENCES"
"postgres","sql_implementation_info","TRUNCATE"
"postgres","sql_implementation_info","DELETE"
"postgres","sql_implementation_info","UPDATE"
"postgres","sql_implementation_info","SELECT"
"postgres","sql_implementation_info","INSERT"
"PUBLIC","sql_implementation_info","SELECT"
"postgres","sql_parts","REFERENCES"
"postgres","sql_parts","TRUNCATE"
"postgres","sql_parts","DELETE"
"postgres","sql_parts","UPDATE"
"postgres","sql_parts","SELECT"
"postgres","sql_parts","INSERT"
"postgres","sql_parts","TRIGGER"
"postgres","sql_sizing","TRIGGER"
"postgres","sql_sizing","INSERT"
"postgres","sql_sizing","SELECT"
"postgres","sql_sizing","UPDATE"
"postgres","sql_sizing","DELETE"
"postgres","sql_sizing","TRUNCATE"
"postgres","sql_sizing","REFERENCES"
"PUBLIC","sql_sizing","SELECT"
"postgres","staff","INSERT"
"postgres","staff","TRIGGER"
"postgres","staff","REFERENCES"
"postgres","staff","TRUNCATE"
"postgres","staff","DELETE"
"postgres","staff","UPDATE"
"postgres","staff","SELECT"
"postgres","staff_list","SELECT"
"postgres","staff_list","INSERT"
"postgres","staff_list","REFERENCES"
"postgres","staff_list","TRIGGER"
"postgres","staff_list","TRUNCATE"
"postgres","staff_list","DELETE"
"postgres","staff_list","UPDATE"
"postgres","store","REFERENCES"
"postgres","store","INSERT"
"postgres","store","TRIGGER"
"postgres","store","SELECT"
"postgres","store","UPDATE"
"postgres","store","DELETE"
"postgres","store","TRUNCATE"
"postgres","table_constraints","TRUNCATE"
"postgres","table_constraints","TRIGGER"
"PUBLIC","table_constraints","SELECT"
"postgres","table_constraints","INSERT"
"postgres","table_constraints","SELECT"
"postgres","table_constraints","UPDATE"
"postgres","table_constraints","DELETE"
"postgres","table_constraints","REFERENCES"
"postgres","table_privileges","TRIGGER"
"postgres","table_privileges","INSERT"
"postgres","table_privileges","SELECT"
"postgres","table_privileges","UPDATE"
"postgres","table_privileges","DELETE"
"postgres","table_privileges","TRUNCATE"
"postgres","table_privileges","REFERENCES"
"PUBLIC","table_privileges","SELECT"
"postgres","table_to_delete","UPDATE"
"postgres","table_to_delete","DELETE"
"postgres","table_to_delete","TRUNCATE"
"postgres","table_to_delete","REFERENCES"
"postgres","table_to_delete","TRIGGER"
"postgres","table_to_delete","INSERT"
"postgres","table_to_delete","SELECT"
"PUBLIC","tables","SELECT"
"postgres","tables","REFERENCES"
"postgres","tables","INSERT"
"postgres","tables","SELECT"
"postgres","tables","UPDATE"
"postgres","tables","DELETE"
"postgres","tables","TRUNCATE"
"postgres","tables","TRIGGER"
"postgres","transforms","UPDATE"
"postgres","transforms","INSERT"
"postgres","transforms","SELECT"
"postgres","transforms","DELETE"
"postgres","transforms","TRUNCATE"
"postgres","transforms","REFERENCES"
"postgres","transforms","TRIGGER"
"postgres","triggered_update_columns","TRUNCATE"
"postgres","triggered_update_columns","DELETE"
"postgres","triggered_update_columns","UPDATE"
"postgres","triggered_update_columns","SELECT"
"postgres","triggered_update_columns","INSERT"
"postgres","triggered_update_columns","REFERENCES"
"postgres","triggered_update_columns","TRIGGER"
"PUBLIC","triggered_update_columns","SELECT"
"postgres","triggers","UPDATE"
"postgres","triggers","DELETE"
"postgres","triggers","TRUNCATE"
"postgres","triggers","REFERENCES"
"postgres","triggers","SELECT"
"postgres","triggers","INSERT"
"postgres","triggers","TRIGGER"
"PUBLIC","triggers","SELECT"
"postgres","udt_privileges","TRUNCATE"
"postgres","udt_privileges","INSERT"
"postgres","udt_privileges","SELECT"
"postgres","udt_privileges","UPDATE"
"postgres","udt_privileges","DELETE"
"postgres","udt_privileges","REFERENCES"
"postgres","udt_privileges","TRIGGER"
"PUBLIC","udt_privileges","SELECT"
"postgres","usage_privileges","INSERT"
"PUBLIC","usage_privileges","SELECT"
"postgres","usage_privileges","TRIGGER"
"postgres","usage_privileges","REFERENCES"
"postgres","usage_privileges","TRUNCATE"
"postgres","usage_privileges","DELETE"
"postgres","usage_privileges","UPDATE"
"postgres","usage_privileges","SELECT"
"postgres","user_defined_types","TRIGGER"
"PUBLIC","user_defined_types","SELECT"
"postgres","user_defined_types","INSERT"
"postgres","user_defined_types","SELECT"
"postgres","user_defined_types","UPDATE"
"postgres","user_defined_types","DELETE"
"postgres","user_defined_types","TRUNCATE"
"postgres","user_defined_types","REFERENCES"
"postgres","user_mapping_options","DELETE"
"postgres","user_mapping_options","TRUNCATE"
"postgres","user_mapping_options","TRIGGER"
"PUBLIC","user_mapping_options","SELECT"
"postgres","user_mapping_options","REFERENCES"
"postgres","user_mapping_options","INSERT"
"postgres","user_mapping_options","SELECT"
"postgres","user_mapping_options","UPDATE"
"postgres","user_mappings","SELECT"
"postgres","user_mappings","INSERT"
"postgres","user_mappings","UPDATE"
"postgres","user_mappings","DELETE"
"postgres","user_mappings","TRUNCATE"
"postgres","user_mappings","REFERENCES"
"postgres","user_mappings","TRIGGER"
"PUBLIC","user_mappings","SELECT"
"PUBLIC","view_column_usage","SELECT"
"postgres","view_column_usage","INSERT"
"postgres","view_column_usage","SELECT"
"postgres","view_column_usage","UPDATE"
"postgres","view_column_usage","DELETE"
"postgres","view_column_usage","TRUNCATE"
"postgres","view_column_usage","REFERENCES"
"postgres","view_column_usage","TRIGGER"
"postgres","view_routine_usage","TRIGGER"
"postgres","view_routine_usage","INSERT"
"postgres","view_routine_usage","SELECT"
"postgres","view_routine_usage","UPDATE"
"postgres","view_routine_usage","DELETE"
"postgres","view_routine_usage","TRUNCATE"
"postgres","view_routine_usage","REFERENCES"
"PUBLIC","view_routine_usage","SELECT"
"postgres","view_table_usage","TRIGGER"
"postgres","view_table_usage","INSERT"
"postgres","view_table_usage","SELECT"
"postgres","view_table_usage","UPDATE"
"postgres","view_table_usage","DELETE"
"postgres","view_table_usage","TRUNCATE"
"postgres","view_table_usage","REFERENCES"
"PUBLIC","view_table_usage","SELECT"
"postgres","views","TRIGGER"
"postgres","views","TRUNCATE"
"postgres","views","DELETE"
"postgres","views","UPDATE"
"postgres","views","INSERT"
"postgres","views","SELECT"
"postgres","views","REFERENCES"
"PUBLIC","views","SELECT"
